[{"model": "stuprofile.competencia", "pk": 1, "fields": {"descricao": "Matemática e fÝsica"}}, {"model": "stuprofile.competencia", "pk": 2, "fields": {"descricao": "Linguagens e paradigmas de programação"}}, {"model": "stuprofile.competencia", "pk": 3, "fields": {"descricao": "Arquiteturas de computadores"}}, {"model": "stuprofile.competencia", "pk": 4, "fields": {"descricao": "Engenharia de software e práticas no desenvolvimento de software e versionamento"}}, {"model": "stuprofile.competencia", "pk": 5, "fields": {"descricao": "Desenvolvimento Web e Mobile"}}, {"model": "stuprofile.competencia", "pk": 6, "fields": {"descricao": "L¾gica, algoritmos, teoria da computação e estrutura de dados"}}, {"model": "stuprofile.competencia", "pk": 7, "fields": {"descricao": "Projeto e análise de algoritmos"}}, {"model": "stuprofile.competencia", "pk": 8, "fields": {"descricao": "Configurar plataformas para aplicação de software e serviços"}}, {"model": "stuprofile.competencia", "pk": 9, "fields": {"descricao": "Segurança de sistemas de computação"}}, {"model": "stuprofile.competencia", "pk": 11, "fields": {"descricao": "Inteligência artificial"}}, {"model": "stuprofile.competencia", "pk": 13, "fields": {"descricao": "Redes de computadores"}}, {"model": "stuprofile.competencia", "pk": 15, "fields": {"descricao": "Conhecimentos básicos em sistemas de automação"}}, {"model": "stuprofile.competencia", "pk": 16, "fields": {"descricao": "Conhecimento, métodos e ferramentas na área de sistemas microprocessados"}}, {"model": "stuprofile.competencia", "pk": 17, "fields": {"descricao": "Conhecimentos básicos em sistemas de comunicação"}}, {"model": "stuprofile.materia", "pk": 1, "fields": {"nome": "CIRCUITOS INTEGRADOS E ANALÓGICOS", "codigo": "ECOI32.1", "docentes": [1]}}, {"model": "stuprofile.materia", "pk": 2, "fields": {"nome": "PROJETO E ANÁLISE DE ALGORITMOS", "codigo": "ECOI11", "docentes": [2]}}, {"model": "stuprofile.materia", "pk": 3, "fields": {"nome": "ARQUITETURA DE COMPUTADORES", "codigo": "ECOI12", "docentes": [10]}}, {"model": "stuprofile.materia", "pk": 4, "fields": {"nome": "TEORIA DA COMPUTAÇÃO", "codigo": "ECOI13", "docentes": [9]}}, {"model": "stuprofile.materia", "pk": 5, "fields": {"nome": "BANCO DE DADOS", "codigo": "ECOI14.1", "docentes": [11]}}, {"model": "stuprofile.materia", "pk": 6, "fields": {"nome": "PRINC═PIOS DE COMUNICAÇÃO", "codigo": "ECOI18", "docentes": [12]}}, {"model": "stuprofile.materia", "pk": 7, "fields": {"nome": "LABORATÓRIOS DE PRINC═PIOS DE COMUNICAÇÃO", "codigo": "ECOI19", "docentes": [12]}}, {"model": "stuprofile.materia", "pk": 8, "fields": {"nome": "INTELIGÊNCIA ARTIFICIAL", "codigo": "ECOI22", "docentes": [7]}}, {"model": "stuprofile.materia", "pk": 9, "fields": {"nome": "INTRODUÇÃO À ENGENHARIA DE COMPUTAÇÃO", "codigo": "ECOI2201", "docentes": [9]}}, {"model": "stuprofile.materia", "pk": 10, "fields": {"nome": "LÓGICA DE PROGRAMAÇÃO", "codigo": "ECOI2202", "docentes": [2, 3, 4, 5, 6]}}, {"model": "stuprofile.materia", "pk": 11, "fields": {"nome": "MATEMÁTICA DISCRETA", "codigo": "ECOI2203", "docentes": [4]}}, {"model": "stuprofile.materia", "pk": 12, "fields": {"nome": "ALGORITMOS E ESTRUTURA DE DADOS I", "codigo": "ECOI2204", "docentes": [10, 3, 7]}}, {"model": "stuprofile.materia", "pk": 13, "fields": {"nome": "ALGORITMOS E ESTRUTURAS DE DADOS II", "codigo": "ECOI2206", "docentes": [9]}}, {"model": "stuprofile.materia", "pk": 14, "fields": {"nome": "SISTEMAS PARALELOS E DISTRIBUIDOS", "codigo": "ECOI23.1", "docentes": [8]}}, {"model": "stuprofile.materia", "pk": 15, "fields": {"nome": "INTERFACE HOMEM-COMPUTADOR", "codigo": "ECOI25", "docentes": [13]}}, {"model": "stuprofile.materia", "pk": 16, "fields": {"nome": "CIRCUITOS INTEGRADOS DIGITAIS", "codigo": "ECOI33.1", "docentes": [1]}}, {"model": "stuprofile.materia", "pk": 17, "fields": {"nome": "CIRCUITOS LÓGICOS", "codigo": "EELI02", "docentes": [14, 15]}}, {"model": "stuprofile.materia", "pk": 18, "fields": {"nome": "LABORATÓRIO DE CIRCUITOS LÓGICOS", "codigo": "EELI03", "docentes": [14, 15]}}, {"model": "stuprofile.materia", "pk": 19, "fields": {"nome": "LINGUAGENS DE PROGRAMAÇÃO", "codigo": "ECOI09", "docentes": [16, 5]}}, {"model": "stuprofile.materia", "pk": 20, "fields": {"nome": "CIRCUITOS ELÉTRICOS I", "codigo": "EELI07", "docentes": [17, 18]}}, {"model": "stuprofile.materia", "pk": 21, "fields": {"nome": "ÁLGEBRA LINEAR", "codigo": "MATI04", "docentes": [19, 20, 21]}}, {"model": "stuprofile.materia", "pk": 22, "fields": {"nome": "ESTAT═STICA", "codigo": "MATI05", "docentes": [24, 25, 22, 23]}}, {"model": "stuprofile.materia", "pk": 23, "fields": {"nome": "CÁLCULO NUMÉRICO", "codigo": "MATI08", "docentes": [27, 26, 19, 21]}}, {"model": "stuprofile.docente", "pk": 1, "fields": {"nome": "RODRIGO APARECIDO DA SILVA BRAGA", "termo_aceito": false}}, {"model": "stuprofile.docente", "pk": 2, "fields": {"nome": "GIOVANI BERNARDES VITOR", "termo_aceito": true}}, {"model": "stuprofile.docente", "pk": 3, "fields": {"nome": "CLAUDIA AKEMI IZEK", "termo_aceito": false}}, {"model": "stuprofile.docente", "pk": 4, "fields": {"nome": "CARLOS HENRIQUE DA SILVEIRA", "termo_aceito": false}}, {"model": "stuprofile.docente", "pk": 5, "fields": {"nome": "WALTER AOIAMA NAGAI", "termo_aceito": false}}, {"model": "stuprofile.docente", "pk": 6, "fields": {"nome": "ROáANA DE PAULA JUNQUEIRA", "termo_aceito": false}}, {"model": "stuprofile.docente", "pk": 7, "fields": {"nome": "SANDRO CARVALHO IZIDORO", "termo_aceito": false}}, {"model": "stuprofile.docente", "pk": 8, "fields": {"nome": "JULIANO DE ALMEIDA MONTE MOR", "termo_aceito": false}}, {"model": "stuprofile.docente", "pk": 9, "fields": {"nome": "RAFAEL FRANCISCO DOS SANTOS", "termo_aceito": false}}, {"model": "stuprofile.docente", "pk": 10, "fields": {"nome": "PAULO JOSE LAGE ALVARENGA", "termo_aceito": false}}, {"model": "stuprofile.docente", "pk": 11, "fields": {"nome": "WENDELL FIORAVANTE DA SILVA DINIZ", "termo_aceito": false}}, {"model": "stuprofile.docente", "pk": 12, "fields": {"nome": "FERNANDA RODRIGUES DA SILVA", "termo_aceito": false}}, {"model": "stuprofile.docente", "pk": 13, "fields": {"nome": "FABIANA COSTA GUEDES", "termo_aceito": false}}, {"model": "stuprofile.docente", "pk": 14, "fields": {"nome": "DEAN BICUDO KAROLAK", "termo_aceito": true}}, {"model": "stuprofile.docente", "pk": 15, "fields": {"nome": "CICERO LUIZ ALVES CUNHA", "termo_aceito": false}}, {"model": "stuprofile.docente", "pk": 16, "fields": {"nome": "EDUARDO RIBEIRO FELIPE", "termo_aceito": false}}, {"model": "stuprofile.docente", "pk": 17, "fields": {"nome": "ARTHUR COSTA DE SOUZA", "termo_aceito": false}}, {"model": "stuprofile.docente", "pk": 18, "fields": {"nome": "JOSE EUGENIO LOPES DE ALMEIDA", "termo_aceito": false}}, {"model": "stuprofile.docente", "pk": 19, "fields": {"nome": "JOAO PAULO ROQUIM ROMANELLI", "termo_aceito": false}}, {"model": "stuprofile.docente", "pk": 20, "fields": {"nome": "GILBERTO DUARTE CUZZUOL", "termo_aceito": false}}, {"model": "stuprofile.docente", "pk": 21, "fields": {"nome": "ANA PAULA DE PAIVA PEREIRA", "termo_aceito": true}}, {"model": "stuprofile.docente", "pk": 22, "fields": {"nome": "FLÁVIA DA SILVA CORDEIRO", "termo_aceito": false}}, {"model": "stuprofile.docente", "pk": 23, "fields": {"nome": "BRUNO ZANOTELLI FELIPPE", "termo_aceito": false}}, {"model": "stuprofile.docente", "pk": 24, "fields": {"nome": "GUSTAVO HENRIQUE OLIVEIRA SALGADO", "termo_aceito": false}}, {"model": "stuprofile.docente", "pk": 25, "fields": {"nome": "CLINTON ANDRE MERLO", "termo_aceito": false}}, {"model": "stuprofile.docente", "pk": 26, "fields": {"nome": "BRUNO COSTA COSCARELLI", "termo_aceito": false}}, {"model": "stuprofile.docente", "pk": 27, "fields": {"nome": "GUSTAVO FRANCO MARRA DOMINGUES", "termo_aceito": false}}, {"model": "stuprofile.bloom", "pk": 1, "fields": {"docente": 1, "competencia": 1, "materia": 1, "i_index": 4, "j_index": 3}}, {"model": "stuprofile.bloom", "pk": 2, "fields": {"docente": 1, "competencia": 2, "materia": 1, "i_index": 2, "j_index": 1}}, {"model": "stuprofile.bloom", "pk": 3, "fields": {"docente": 5, "competencia": 1, "materia": 10, "i_index": 0, "j_index": 0}}, {"model": "stuprofile.bloom", "pk": 4, "fields": {"docente": 5, "competencia": 2, "materia": 10, "i_index": 2, "j_index": 0}}, {"model": "stuprofile.bloom", "pk": 5, "fields": {"docente": 5, "competencia": 3, "materia": 10, "i_index": 1, "j_index": 2}}, {"model": "stuprofile.bloom", "pk": 6, "fields": {"docente": 5, "competencia": 4, "materia": 10, "i_index": 3, "j_index": 2}}, {"model": "stuprofile.bloom", "pk": 7, "fields": {"docente": 5, "competencia": 5, "materia": 10, "i_index": 2, "j_index": 0}}, {"model": "stuprofile.bloom", "pk": 8, "fields": {"docente": 2, "competencia": 1, "materia": 10, "i_index": 0, "j_index": 1}}, {"model": "stuprofile.bloom", "pk": 9, "fields": {"docente": 2, "competencia": 2, "materia": 10, "i_index": 2, "j_index": 2}}, {"model": "stuprofile.bloom", "pk": 10, "fields": {"docente": 2, "competencia": 3, "materia": 10, "i_index": 2, "j_index": 1}}, {"model": "stuprofile.bloom", "pk": 11, "fields": {"docente": 2, "competencia": 4, "materia": 10, "i_index": 0, "j_index": 3}}, {"model": "stuprofile.bloom", "pk": 12, "fields": {"docente": 2, "competencia": 5, "materia": 10, "i_index": 3, "j_index": 1}}, {"model": "stuprofile.bloom", "pk": 13, "fields": {"docente": 9, "competencia": 1, "materia": 13, "i_index": 1, "j_index": 2}}, {"model": "stuprofile.bloom", "pk": 14, "fields": {"docente": 9, "competencia": 2, "materia": 13, "i_index": 2, "j_index": 1}}, {"model": "stuprofile.bloom", "pk": 15, "fields": {"docente": 9, "competencia": 3, "materia": 13, "i_index": 3, "j_index": 1}}, {"model": "stuprofile.bloom", "pk": 16, "fields": {"docente": 9, "competencia": 4, "materia": 13, "i_index": 2, "j_index": 0}}, {"model": "stuprofile.bloom", "pk": 17, "fields": {"docente": 9, "competencia": 5, "materia": 13, "i_index": 1, "j_index": 3}}, {"model": "stuprofile.bloom", "pk": 18, "fields": {"docente": 2, "competencia": 1, "materia": 10, "i_index": 1, "j_index": 3}}, {"model": "stuprofile.bloom", "pk": 19, "fields": {"docente": 2, "competencia": 2, "materia": 10, "i_index": 3, "j_index": 1}}, {"model": "stuprofile.bloom", "pk": 20, "fields": {"docente": 2, "competencia": 3, "materia": 10, "i_index": 0, "j_index": 1}}, {"model": "stuprofile.bloom", "pk": 21, "fields": {"docente": 2, "competencia": 4, "materia": 10, "i_index": 2, "j_index": 3}}, {"model": "stuprofile.bloom", "pk": 22, "fields": {"docente": 2, "competencia": 5, "materia": 10, "i_index": 3, "j_index": 4}}, {"model": "stuprofile.bloom", "pk": 23, "fields": {"docente": 7, "competencia": 1, "materia": 12, "i_index": 1, "j_index": 2}}, {"model": "stuprofile.bloom", "pk": 24, "fields": {"docente": 7, "competencia": 2, "materia": 12, "i_index": 0, "j_index": 2}}, {"model": "stuprofile.bloom", "pk": 25, "fields": {"docente": 7, "competencia": 3, "materia": 12, "i_index": 3, "j_index": 1}}, {"model": "stuprofile.bloom", "pk": 26, "fields": {"docente": 7, "competencia": 4, "materia": 12, "i_index": 0, "j_index": 4}}, {"model": "stuprofile.bloom", "pk": 27, "fields": {"docente": 7, "competencia": 5, "materia": 12, "i_index": 0, "j_index": 2}}, {"model": "stuprofile.bloom", "pk": 28, "fields": {"docente": 3, "competencia": 1, "materia": 12, "i_index": 2, "j_index": 1}}, {"model": "stuprofile.bloom", "pk": 29, "fields": {"docente": 3, "competencia": 2, "materia": 12, "i_index": 0, "j_index": 2}}, {"model": "stuprofile.bloom", "pk": 30, "fields": {"docente": 3, "competencia": 3, "materia": 12, "i_index": 2, "j_index": 1}}, {"model": "stuprofile.bloom", "pk": 31, "fields": {"docente": 3, "competencia": 4, "materia": 12, "i_index": 0, "j_index": 4}}, {"model": "stuprofile.bloom", "pk": 32, "fields": {"docente": 3, "competencia": 5, "materia": 12, "i_index": 2, "j_index": 3}}, {"model": "stuprofile.bloom", "pk": 33, "fields": {"docente": 3, "competencia": 1, "materia": 12, "i_index": 0, "j_index": 3}}, {"model": "stuprofile.bloom", "pk": 34, "fields": {"docente": 3, "competencia": 2, "materia": 12, "i_index": 2, "j_index": 2}}, {"model": "stuprofile.bloom", "pk": 35, "fields": {"docente": 3, "competencia": 3, "materia": 12, "i_index": 2, "j_index": 1}}, {"model": "stuprofile.bloom", "pk": 36, "fields": {"docente": 3, "competencia": 4, "materia": 12, "i_index": 3, "j_index": 1}}, {"model": "stuprofile.bloom", "pk": 37, "fields": {"docente": 3, "competencia": 5, "materia": 12, "i_index": 2, "j_index": 5}}, {"model": "stuprofile.bloom", "pk": 38, "fields": {"docente": 6, "competencia": 1, "materia": 10, "i_index": 1, "j_index": 1}}, {"model": "stuprofile.bloom", "pk": 39, "fields": {"docente": 6, "competencia": 2, "materia": 10, "i_index": 2, "j_index": 2}}, {"model": "stuprofile.bloom", "pk": 40, "fields": {"docente": 6, "competencia": 3, "materia": 10, "i_index": 3, "j_index": 0}}, {"model": "stuprofile.bloom", "pk": 41, "fields": {"docente": 6, "competencia": 4, "materia": 10, "i_index": 3, "j_index": 4}}, {"model": "stuprofile.bloom", "pk": 42, "fields": {"docente": 6, "competencia": 5, "materia": 10, "i_index": 2, "j_index": 5}}, {"model": "stuprofile.bloom", "pk": 43, "fields": {"docente": 6, "competencia": 1, "materia": 10, "i_index": 1, "j_index": 2}}, {"model": "stuprofile.bloom", "pk": 44, "fields": {"docente": 6, "competencia": 2, "materia": 10, "i_index": 2, "j_index": 2}}, {"model": "stuprofile.bloom", "pk": 45, "fields": {"docente": 6, "competencia": 3, "materia": 10, "i_index": 0, "j_index": 3}}, {"model": "stuprofile.bloom", "pk": 46, "fields": {"docente": 6, "competencia": 4, "materia": 10, "i_index": 1, "j_index": 2}}, {"model": "stuprofile.bloom", "pk": 47, "fields": {"docente": 6, "competencia": 5, "materia": 10, "i_index": 2, "j_index": 3}}, {"model": "stuprofile.bloom", "pk": 48, "fields": {"docente": 3, "competencia": 2, "materia": 12, "i_index": 1, "j_index": 1}}, {"model": "stuprofile.bloom", "pk": 49, "fields": {"docente": 3, "competencia": 3, "materia": 12, "i_index": 1, "j_index": 3}}, {"model": "stuprofile.bloom", "pk": 50, "fields": {"docente": 3, "competencia": 4, "materia": 12, "i_index": 2, "j_index": 3}}, {"model": "stuprofile.bloom", "pk": 51, "fields": {"docente": 7, "competencia": 1, "materia": 12, "i_index": 0, "j_index": 1}}, {"model": "stuprofile.bloom", "pk": 52, "fields": {"docente": 7, "competencia": 2, "materia": 12, "i_index": 1, "j_index": 2}}, {"model": "stuprofile.bloom", "pk": 53, "fields": {"docente": 7, "competencia": 4, "materia": 12, "i_index": 1, "j_index": 2}}, {"model": "stuprofile.bloom", "pk": 54, "fields": {"docente": 7, "competencia": 5, "materia": 12, "i_index": 3, "j_index": 5}}, {"model": "stuprofile.bloom", "pk": 55, "fields": {"docente": 2, "competencia": 1, "materia": 2, "i_index": 1, "j_index": 1}}, {"model": "stuprofile.bloom", "pk": 56, "fields": {"docente": 2, "competencia": 2, "materia": 2, "i_index": 0, "j_index": 2}}, {"model": "stuprofile.bloom", "pk": 57, "fields": {"docente": 2, "competencia": 4, "materia": 2, "i_index": 1, "j_index": 3}}, {"model": "stuprofile.bloom", "pk": 58, "fields": {"docente": 2, "competencia": 5, "materia": 2, "i_index": 1, "j_index": 4}}, {"model": "stuprofile.bloom", "pk": 59, "fields": {"docente": 9, "competencia": 4, "materia": 4, "i_index": 3, "j_index": 2}}, {"model": "stuprofile.bloom", "pk": 60, "fields": {"docente": 6, "competencia": 3, "materia": 10, "i_index": 1, "j_index": 3}}, {"model": "stuprofile.bloom", "pk": 61, "fields": {"docente": 3, "competencia": 1, "materia": 12, "i_index": 2, "j_index": 2}}, {"model": "stuprofile.bloom", "pk": 62, "fields": {"docente": 4, "competencia": 1, "materia": 11, "i_index": 2, "j_index": 4}}, {"model": "stuprofile.bloom", "pk": 63, "fields": {"docente": 4, "competencia": 2, "materia": 11, "i_index": 2, "j_index": 3}}, {"model": "stuprofile.bloom", "pk": 64, "fields": {"docente": 4, "competencia": 3, "materia": 11, "i_index": 1, "j_index": 1}}, {"model": "stuprofile.bloom", "pk": 65, "fields": {"docente": 4, "competencia": 4, "materia": 11, "i_index": 3, "j_index": 5}}, {"model": "stuprofile.bloom", "pk": 66, "fields": {"docente": 4, "competencia": 5, "materia": 11, "i_index": 3, "j_index": 2}}, {"model": "stuprofile.bloom", "pk": 67, "fields": {"docente": 4, "competencia": 6, "materia": 11, "i_index": 3, "j_index": 3}}, {"model": "stuprofile.bloom", "pk": 68, "fields": {"docente": 4, "competencia": 7, "materia": 11, "i_index": 2, "j_index": 0}}, {"model": "stuprofile.bloom", "pk": 69, "fields": {"docente": 4, "competencia": 8, "materia": 11, "i_index": 3, "j_index": 3}}, {"model": "stuprofile.bloom", "pk": 70, "fields": {"docente": 4, "competencia": 9, "materia": 11, "i_index": 0, "j_index": 2}}, {"model": "stuprofile.bloom", "pk": 76, "fields": {"docente": 5, "competencia": 2, "materia": 10, "i_index": 2, "j_index": 3}}, {"model": "stuprofile.bloom", "pk": 77, "fields": {"docente": 5, "competencia": 3, "materia": 10, "i_index": 2, "j_index": 4}}, {"model": "stuprofile.bloom", "pk": 78, "fields": {"docente": 5, "competencia": 4, "materia": 10, "i_index": 2, "j_index": 5}}, {"model": "stuprofile.bloom", "pk": 79, "fields": {"docente": 5, "competencia": 5, "materia": 10, "i_index": 3, "j_index": 4}}, {"model": "stuprofile.bloom", "pk": 80, "fields": {"docente": 5, "competencia": 6, "materia": 10, "i_index": 2, "j_index": 4}}, {"model": "stuprofile.bloom", "pk": 81, "fields": {"docente": 5, "competencia": 7, "materia": 10, "i_index": 1, "j_index": 5}}, {"model": "stuprofile.bloom", "pk": 85, "fields": {"docente": 7, "competencia": 3, "materia": 12, "i_index": 2, "j_index": 1}}, {"model": "stuprofile.bloom", "pk": 86, "fields": {"docente": 9, "competencia": 8, "materia": 13, "i_index": 1, "j_index": 0}}]
